<?xml version="1.0" encoding="UTF-8"?><?xml-stylesheet type='text/xsl' href='_UpgradeReport_Files/UpgradeReport.xslt'?><UpgradeLog>
<Properties><Property Name="Solution" Value="Wiimote">
</Property><Property Name="Solution File" Value="C:\Albe\LightPaintingProject\WiimoteWhiteboard\source\windowsxp\WiimoteMSRS\Wiimote.sln">
</Property><Property Name="Date" Value="giovedì 28 giugno 2012">
</Property><Property Name="Time" Value="18.18">
</Property></Properties><Event ErrorLevel="0" Project="Wiimote" Source="Wiimote.csproj" Description="Project converted successfully">
</Event><Event ErrorLevel="3" Project="Wiimote" Source="Wiimote.csproj" Description="Converted">
</Event><Event ErrorLevel="0" Project="" Source="Wiimote.sln" Description="Solution converted successfully">
</Event><Event ErrorLevel="3" Project="" Source="Wiimote.sln" Description="Converted">
</Event><Event ErrorLevel="0" Project="Wiimote" Source="Wiimote.csproj" Description="Scan complete: Upgrade not required for project files.">
</Event></UpgradeLog>